Genotype	B73	Mo17	Self	B_OC-S	M_OC-S
M0284		261	245		16
M0201		263	229		34
M0321		260	208		53
M0228		238	196		42
M0018		245	195		50
M0178		248	182		67
M0287	226	247	231	-5	16
M0063	225	229	229	-4	0
M0275	210	261	213	-3	48
M0080	226	258	223	3	36
M0183	237	237	231	7	6
M0337	269	268	251	18	17
M0068	254	252	236	19	16
M0222	206	229	186	20	43
M0368	246	248	226	20	22
M0059	241	251	220	21	31
M0328	261	268	238	23	30
M0280	260	251	236	24	15
M0134	245	264	221	25	43
M0171	247	248	221	26	26
M0010	270	263	244	26	19
M0043	252		225	27	
M0271	257	258	230	27	28
M0026	252	276	225	27	51
M0185	256	256	228	27	28
M0161	285	278	258	27	20
M0325	275	265	247	28	18
M0075	257	271	229	28	42
M0101	253	257	225	28	33
M0181	253	251	225	29	26
M0146	258	236	229	29	7
M0118	258	262	229	29	33
M0055	234	249	205	29	44
M0265	226	241	196	30	46
M0169	244	237	214	30	23
M0209	224	235	193	31	42
M0015	238	253	207	31	47
M0024	282	260	251	32	9
M0192	241	262	209	32	53
M0345	237	254	206	32	48
M0057	243	256	211	32	45
M0008	256	248	224	32	24
M0011	240	242	207	33	34
M0327	271	263	237	33	26
M0051	248	258	215	33	43
M0218	278	271	245	34	26
M0298	235		201	34	
M0338	231	242	197	34	45
M0168	260	257	225	35	32
M0003	234	251	200	35	52
M0304	232	244	197	35	47
M0172	251	250	215	36	35
M0276	237	238	201	36	37
M0136	259	265	223	36	42
M0153	225	238	189	36	49
M0085	268	268	232	36	37
M0033	264	245	228	36	18
M0310	234	242	198	36	45
M0099	279	257	243	37	14
M0232	266	257	229	37	28
M0014	233	249	196	37	53
M0195	261	244	224	37	20
M0383	243	250	205	38	45
M0056	259		221	38	
M0133	248	237	210	38	27
M0017	260	256	222	38	34
M0262	266	265	228	38	37
M0131	242	228	204	38	25
M0322	266	263	228	38	35
M0106	286	275	248	39	27
M0196	270	264	231	39	32
M0105	241	242	202	39	40
M0266	263		224	39	
M0001	254	244	215	39	29
M0082	280	258	241	39	17
M0357	233	233	194	40	40
M0215	252	261	212	40	48
M0147	264	257	225	40	32
M0180	243	239	203	40	36
M0297	243	239	203	40	36
M0012	254	244	214	40	30
M0223	251	226	211	40	15
M0098	229	237	189	40	49
M0248	244	251	203	41	48
M0326	253	234	212	41	22
M0311	228	237	187	41	49
M0314	264	258	223	41	36
M0358	269	246	228	41	18
M0296	229	248	188	41	60
M0021	247	248	205	42	42
M0382	240	243	199	42	45
M0191	254	241	212	43	29
M0295	238	231	195	43	36
M0315	278	260	235	43	25
M0346	252	237	208	43	28
M0121	241	230	197	43	33
M0352	221	232	178	43	54
M0253	238	240	194	44	46
M0163	250	260	206	44	54
M0305	243	240	200	44	40
M0126	262	242	219	44	23
M0005	274	268	231	44	37
M0027	250	229	206	44	24
M0007	254	237	210	44	28
M0044	252	234	207	45	26
M0054	268	250	223	45	27
M0042	238	231	193	45	39
M0365	274	241	228	46	13
M0349	264	253	218	46	35
M0309	254	248	208	46	41
M0046	263	249	217	46	32
M0329	232	247	186	46	61
M0081	264	260	218	46	42
M0130	278	257	232	47	25
M0013	253	251	207	47	45
M0177	270	266	223	47	43
M0197	256	260	209	47	52
M0200	246	241	199	47	42
M0022	258	230	210	48	20
M0150	253	240	205	48	35
M0029	245	235	196	49	39
M0292	234	230	185	49	45
M0060	249		200	49	
M0090	250	239	201	49	38
M0374	225	236	175	50	60
M0165	258	253	208	50	45
M0032	281	256	231	50	25
M0031	276	252	226	50	26
M0138	253	239	202	51	37
M0184	245	249	194	51	55
M0176	282	269	231	51	38
M0250	285	264	232	52	31
M0127	259	255	207	52	48
M0205	247	250	194	53	56
M0344	276	258	222	53	35
M0360	257	230	204	54	27
M0030	251	245	197	54	49
M0199	281	248	226	54	22
M0062	252	238	198	55	41
M0077	278	251	224	55	27
M0288	242	242	187	55	55
M0367	272	250	216	55	34
M0151	265		209	56	
M0229	251	246	195	56	51
M0028	262	233	206	56	27
M0379	230	220	174	56	46
M0301	239	235	183	56	53
M0355	266	246	209	56	37
M0224	207	215	151	56	64
M0124	242	243	185	57	58
M0187	245	243	188	57	55
M0267	247	236	190	58	47
M0264	255	248	196	58	51
M0317	261	257	203	58	54
M0114	247	238	188	59	50
M0052	255	232	196	59	36
M0071	231	234	172	59	62
M0263	251	249	192	60	57
M0313	246	243	186	60	57
M0016	257	230	196	61	34
M0045	256	254	194	62	60
M0290	252	255	190	62	65
M0041	277	247	215	62	32
M0129	274	246	212	62	35
M0334	225	217	163	62	55
M0194	239	227	177	62	50
M0035	263	242	199	63	42
M0157	253	252	189	63	63
M0381	254	243	190	63	53
M0378	276	247	212	64	35
M0369	261	247	197	64	50
M0380	225	223	161	64	63
M0034	252	253	188	64	65
M0336	272	243	207	65	36
M0282	255	234	188	67	46
M0079	278	254	209	69	45
M0335	262	239	193	69	46
M0048	269	247	198	71	49
M0025	262	254	191	72	64
M0283	268	242	195	73	47
M0323	286	248	212	74	36
M0038	245	236	170	75	66
M0307	254	241	178	77	63
M0277	262	237	184	77	53
M0361	232	236	154	78	83
M0216	274	255	195	79	60
M0086	218	239			
M0376	255	250			
M0132	259	244			
M0353	290	262			