sid	chrom	start	end	gt
M0014_1	B01	0	5328340	a
M0014_1	B01	5328340	5817736	h
M0014_1	B01	5817736	9492035	b
M0014_1	B01	9492035	12709436	a
M0014_1	B01	12709436	17821871	b
M0014_1	B01	17821871	18909875	a
M0014_1	B01	18909875	18954442	b
M0014_1	B01	18954442	27301801	a
M0014_1	B01	27301801	35300741	b
M0014_1	B01	35300741	35757270	h
M0014_1	B01	35757270	39490294	b
M0014_1	B01	39490294	68811720	a
M0014_1	B01	68811720	68890688	b
M0014_1	B01	68890688	81920563	a
M0014_1	B01	81920563	82029723	b
M0014_1	B01	82029723	182401265	a
M0014_1	B01	182401265	182480717	b
M0014_1	B01	182480717	187041147	a
M0014_1	B01	187041147	189291367	h
M0014_1	B01	189291367	194499890	a
M0014_1	B01	194499890	194568164	b
M0014_1	B01	194568164	203133393	a
M0014_1	B01	203133393	216361780	b
M0014_1	B01	216361780	226769381	a
M0014_1	B01	226769381	227449390	b
M0014_1	B01	227449390	232985803	a
M0014_1	B01	232985803	233098762	h
M0014_1	B01	233098762	272045007	a
M0014_1	B01	272045007	272300173	b
M0014_1	B01	272300173	274294109	a
M0014_1	B01	274294109	275588026	h
M0014_1	B01	275588026	276348862	a
M0014_1	B01	276348862	285644131	b
M0014_1	B01	285644131	291111839	a
M0014_1	B01	291111839	307022718	b
M0016_1	B01	0	6552970	a
M0016_1	B01	6552970	6825860	b
M0016_1	B01	6825860	19024652	a
M0016_1	B01	19024652	27584358	b
M0016_1	B01	27584358	28571537	h
M0016_1	B01	28571537	35300968	b
M0016_1	B01	35300968	35774182	h
M0016_1	B01	35774182	39564246	b
M0016_1	B01	39564246	54516107	a
M0016_1	B01	54516107	54577268	b
M0016_1	B01	54577268	65562306	a
M0016_1	B01	65562306	65782808	b
M0016_1	B01	65782808	71155623	a
M0016_1	B01	71155623	124194146	b
M0016_1	B01	124194146	148421090	h
M0016_1	B01	148421090	166758493	b
M0016_1	B01	166758493	168399640	h
M0016_1	B01	168399640	172352798	b
M0016_1	B01	172352798	172720251	h
M0016_1	B01	172720251	175262771	b
M0016_1	B01	175262771	180446937	a
M0016_1	B01	180446937	190182043	b
M0016_1	B01	190182043	209551283	a
M0016_1	B01	209551283	218057774	b
M0016_1	B01	218057774	252974176	a
M0016_1	B01	252974176	268064804	b
M0016_1	B01	268064804	271177288	a
M0016_1	B01	271177288	271706129	b
M0016_1	B01	271706129	273087367	a
M0016_1	B01	273087367	284855073	b
M0016_1	B01	284855073	292906441	a
M0016_1	B01	292906441	302529430	b
M0016_1	B01	302529430	305754037	a
M0016_1	B01	305754037	305907728	b
M0016_1	B01	305907728	307022718	a
M0021_1	B01	0	1530261	h
M0021_1	B01	1530261	3091644	a
M0021_1	B01	3091644	3381761	h
M0021_1	B01	3381761	4126034	a
M0021_1	B01	4126034	5328340	h
M0021_1	B01	5328340	6271264	b
M0021_1	B01	6271264	8669325	h
M0021_1	B01	8669325	22121067	a
M0021_1	B01	22121067	22263370	b
M0021_1	B01	22263370	40888425	a
M0021_1	B01	40888425	43042584	h
M0021_1	B01	43042584	43715375	b
M0021_1	B01	43715375	43903722	h
M0021_1	B01	43903722	51756572	b
M0021_1	B01	51756572	87255506	h
M0021_1	B01	87255506	87484895	a
M0021_1	B01	87484895	193347236	h
M0021_1	B01	193347236	196238892	a
M0021_1	B01	196238892	203133393	h
M0021_1	B01	203133393	204148586	a
M0021_1	B01	204148586	208218259	h
M0021_1	B01	208218259	215907651	a
M0021_1	B01	215907651	219341135	h
M0021_1	B01	219341135	238938822	a
M0021_1	B01	238938822	241375249	h
M0021_1	B01	241375249	248319825	a
M0021_1	B01	248319825	249771486	h
M0021_1	B01	249771486	250589922	a
M0021_1	B01	250589922	255171865	h
M0021_1	B01	255171865	255990072	b
M0021_1	B01	255990072	257906969	h
M0021_1	B01	257906969	258847504	b
M0021_1	B01	258847504	260631699	h
M0021_1	B01	260631699	263073436	b
M0021_1	B01	263073436	263887449	h
M0021_1	B01	263887449	264053786	b
M0021_1	B01	264053786	265458789	h
M0021_1	B01	265458789	266421222	b
M0021_1	B01	266421222	284335083	h
M0021_1	B01	284335083	284540190	a
M0021_1	B01	284540190	293282198	h
M0021_1	B01	293282198	296749577	b
M0021_1	B01	296749577	300940940	h
M0021_1	B01	300940940	303455470	b
M0021_1	B01	303455470	307022718	h
M0317_1	B01	0	3451988	a
M0317_1	B01	3451988	5328224	b
M0317_1	B01	5328224	5817765	a
M0317_1	B01	5817765	12364712	b
M0317_1	B01	12364712	25288098	a
M0317_1	B01	25288098	25545698	b
M0317_1	B01	25545698	34211954	a
M0317_1	B01	34211954	35301661	b
M0317_1	B01	35301661	35971225	h
M0317_1	B01	35971225	43714645	b
M0317_1	B01	43714645	43901287	h
M0317_1	B01	43901287	51602491	a
M0317_1	B01	51602491	54935406	b
M0317_1	B01	54935406	55481392	h
M0317_1	B01	55481392	133306749	b
M0317_1	B01	133306749	148180731	h
M0317_1	B01	148180731	166757930	b
M0317_1	B01	166757930	175977513	h
M0317_1	B01	175977513	176659130	b
M0317_1	B01	176659130	182332727	h
M0317_1	B01	182332727	185880599	b
M0317_1	B01	185880599	189632193	a
M0317_1	B01	189632193	190383010	b
M0317_1	B01	190383010	217043324	a
M0317_1	B01	217043324	222026730	b
M0317_1	B01	222026730	257871362	a
M0317_1	B01	257871362	258066648	h
M0317_1	B01	258066648	288306354	a
M0317_1	B01	288306354	288353701	b
M0317_1	B01	288353701	295313790	a
M0317_1	B01	295313790	295601188	b
M0317_1	B01	295601188	295947467	h
M0317_1	B01	295947467	296318825	a
M0317_1	B01	296318825	296866553	h
M0317_1	B01	296866553	297244413	b
M0317_1	B01	297244413	297383286	a
M0317_1	B01	297383286	297607418	h
M0317_1	B01	297607418	307022718	a
M0014_2	B01	0	5328274	a
M0014_2	B01	5328274	5817756	h
M0014_2	B01	5817756	9492035	b
M0014_2	B01	9492035	12709436	a
M0014_2	B01	12709436	17821871	b
M0014_2	B01	17821871	18909875	a
M0014_2	B01	18909875	18954442	b
M0014_2	B01	18954442	27301801	a
M0014_2	B01	27301801	35300968	b
M0014_2	B01	35300968	35971225	h
M0014_2	B01	35971225	39490294	b
M0014_2	B01	39490294	81920563	a
M0014_2	B01	81920563	82029582	b
M0014_2	B01	82029582	187729873	a
M0014_2	B01	187729873	189291367	h
M0014_2	B01	189291367	203133393	a
M0014_2	B01	203133393	216361780	b
M0014_2	B01	216361780	226867456	a
M0014_2	B01	226867456	227449390	b
M0014_2	B01	227449390	274295390	a
M0014_2	B01	274295390	275588026	h
M0014_2	B01	275588026	276348862	a
M0014_2	B01	276348862	285644131	b
M0014_2	B01	285644131	291099607	a
M0014_2	B01	291099607	307022718	b
M0016_2	B01	0	6551624	a
M0016_2	B01	6551624	6825860	b
M0016_2	B01	6825860	19024652	a
M0016_2	B01	19024652	35301393	b
M0016_2	B01	35301393	35774564	h
M0016_2	B01	35774564	39564246	b
M0016_2	B01	39564246	54516107	a
M0016_2	B01	54516107	54577268	b
M0016_2	B01	54577268	65557407	a
M0016_2	B01	65557407	65782808	b
M0016_2	B01	65782808	71155623	a
M0016_2	B01	71155623	144850399	b
M0016_2	B01	144850399	148180517	h
M0016_2	B01	148180517	166758493	b
M0016_2	B01	166758493	168489924	h
M0016_2	B01	168489924	175262771	b
M0016_2	B01	175262771	180446937	a
M0016_2	B01	180446937	190182043	b
M0016_2	B01	190182043	209550388	a
M0016_2	B01	209550388	218057774	b
M0016_2	B01	218057774	253162359	a
M0016_2	B01	253162359	268064804	b
M0016_2	B01	268064804	273087367	a
M0016_2	B01	273087367	284855073	b
M0016_2	B01	284855073	292906441	a
M0016_2	B01	292906441	302529430	b
M0016_2	B01	302529430	307022718	a
M0021_2	B01	0	1530261	h
M0021_2	B01	1530261	3104230	a
M0021_2	B01	3104230	3381761	h
M0021_2	B01	3381761	4126034	a
M0021_2	B01	4126034	5328274	h
M0021_2	B01	5328274	6271264	b
M0021_2	B01	6271264	8669325	h
M0021_2	B01	8669325	40888425	a
M0021_2	B01	40888425	43083396	h
M0021_2	B01	43083396	43715375	b
M0021_2	B01	43715375	43903722	h
M0021_2	B01	43903722	51760449	b
M0021_2	B01	51760449	53190131	h
M0021_2	B01	53190131	53309897	a
M0021_2	B01	53309897	63750505	h
M0021_2	B01	63750505	63849498	a
M0021_2	B01	63849498	87255506	h
M0021_2	B01	87255506	87484895	a
M0021_2	B01	87484895	193347236	h
M0021_2	B01	193347236	197047648	a
M0021_2	B01	197047648	203127889	h
M0021_2	B01	203127889	204148586	a
M0021_2	B01	204148586	208218259	h
M0021_2	B01	208218259	215907651	a
M0021_2	B01	215907651	219341135	h
M0021_2	B01	219341135	239124575	a
M0021_2	B01	239124575	239985026	h
M0021_2	B01	239985026	240260136	a
M0021_2	B01	240260136	241518461	h
M0021_2	B01	241518461	248319825	a
M0021_2	B01	248319825	249771486	h
M0021_2	B01	249771486	251635128	a
M0021_2	B01	251635128	255171865	h
M0021_2	B01	255171865	255996506	b
M0021_2	B01	255996506	257902927	h
M0021_2	B01	257902927	258334789	b
M0021_2	B01	258334789	259582273	h
M0021_2	B01	259582273	263073436	b
M0021_2	B01	263073436	263887449	h
M0021_2	B01	263887449	264053786	b
M0021_2	B01	264053786	265607618	h
M0021_2	B01	265607618	266421222	b
M0021_2	B01	266421222	284335083	h
M0021_2	B01	284335083	284496929	a
M0021_2	B01	284496929	293282198	h
M0021_2	B01	293282198	296603395	b
M0021_2	B01	296603395	300954327	h
M0021_2	B01	300954327	303411150	b
M0021_2	B01	303411150	307022718	h
M0317_2	B01	0	3483278	a
M0317_2	B01	3483278	5328224	b
M0317_2	B01	5328224	5817765	a
M0317_2	B01	5817765	12364712	b
M0317_2	B01	12364712	34211954	a
M0317_2	B01	34211954	35300968	b
M0317_2	B01	35300968	35971225	h
M0317_2	B01	35971225	43574042	b
M0317_2	B01	43574042	43901287	h
M0317_2	B01	43901287	51602491	a
M0317_2	B01	51602491	54939411	b
M0317_2	B01	54939411	55696916	h
M0317_2	B01	55696916	142262879	b
M0317_2	B01	142262879	148180731	h
M0317_2	B01	148180731	166744737	b
M0317_2	B01	166744737	176354389	h
M0317_2	B01	176354389	185880599	b
M0317_2	B01	185880599	189779230	a
M0317_2	B01	189779230	190383010	b
M0317_2	B01	190383010	217253735	a
M0317_2	B01	217253735	222026730	b
M0317_2	B01	222026730	295274613	a
M0317_2	B01	295274613	295601188	b
M0317_2	B01	295601188	295947467	h
M0317_2	B01	295947467	296318825	a
M0317_2	B01	296318825	296866553	h
M0317_2	B01	296866553	297244413	b
M0317_2	B01	297244413	297383286	a
M0317_2	B01	297383286	297607418	h
M0317_2	B01	297607418	307022718	a
M0014_1	B02	313539437	315640928	a
M0014_1	B02	315640928	324956044	b
M0014_1	B02	324956044	325107039	h
M0014_1	B02	325107039	345338154	b
M0014_1	B02	345338154	345399193	a
M0014_1	B02	345399193	345570791	b
M0014_1	B02	345570791	345971844	a
M0014_1	B02	345971844	346868808	b
M0014_1	B02	346868808	347305790	h
M0014_1	B02	347305790	355068796	b
M0014_1	B02	355068796	359777919	a
M0014_1	B02	359777919	362799726	b
M0014_1	B02	362799726	372913700	a
M0014_1	B02	372913700	373039531	h
M0014_1	B02	373039531	396255597	a
M0014_1	B02	396255597	396379394	b
M0014_1	B02	396379394	445987896	a
M0014_1	B02	445987896	448227937	h
M0014_1	B02	448227937	459757418	a
M0014_1	B02	459757418	472023359	h
M0014_1	B02	472023359	537735510	b
M0014_1	B02	537735510	544741442	a
M0014_1	B02	544741442	546051393	h
M0014_1	B02	546051393	546943786	a
M0014_1	B02	546943786	552807729	b
M0014_1	B02	552807729	553318799	h
M0014_1	B02	553318799	557958965	a
M0016_1	B02	313539437	324956044	b
M0016_1	B02	324956044	325168816	h
M0016_1	B02	325168816	343665385	b
M0016_1	B02	343665385	344209750	a
M0016_1	B02	344209750	344573554	b
M0016_1	B02	344573554	372900998	a
M0016_1	B02	372900998	373035268	h
M0016_1	B02	373035268	378586677	a
M0016_1	B02	378586677	408285809	b
M0016_1	B02	408285809	417999561	h
M0016_1	B02	417999561	419364411	b
M0016_1	B02	419364411	422465832	h
M0016_1	B02	422465832	432197062	b
M0016_1	B02	432197062	445773029	h
M0016_1	B02	445773029	519704405	b
M0016_1	B02	519704405	519743929	h
M0016_1	B02	519743929	524915394	b
M0016_1	B02	524915394	530989715	a
M0016_1	B02	530989715	534939352	b
M0016_1	B02	534939352	546051596	a
M0016_1	B02	546051596	553563273	b
M0016_1	B02	553563273	556409932	a
M0016_1	B02	556409932	557958965	b
M0021_1	B02	313539437	316645227	b
M0021_1	B02	316645227	320879296	h
M0021_1	B02	320879296	321078068	b
M0021_1	B02	321078068	322975664	h
M0021_1	B02	322975664	323036725	b
M0021_1	B02	323036725	334262267	h
M0021_1	B02	334262267	340678691	a
M0021_1	B02	340678691	340843334	b
M0021_1	B02	340843334	345399193	a
M0021_1	B02	345399193	345570791	b
M0021_1	B02	345570791	353711523	a
M0021_1	B02	353711523	353798884	b
M0021_1	B02	353798884	354105937	a
M0021_1	B02	354105937	359697222	h
M0021_1	B02	359697222	365544384	a
M0021_1	B02	365544384	369681647	h
M0021_1	B02	369681647	370084168	a
M0021_1	B02	370084168	373645733	h
M0021_1	B02	373645733	375843775	a
M0021_1	B02	375843775	380748344	h
M0021_1	B02	380748344	385112317	a
M0021_1	B02	385112317	396203667	h
M0021_1	B02	396203667	396251033	a
M0021_1	B02	396251033	470761536	h
M0021_1	B02	470761536	472417086	a
M0021_1	B02	472417086	494707087	h
M0021_1	B02	494707087	505751263	a
M0021_1	B02	505751263	514814554	h
M0021_1	B02	514814554	518973582	a
M0021_1	B02	518973582	519703959	h
M0021_1	B02	519703959	520041751	a
M0021_1	B02	520041751	520133968	b
M0021_1	B02	520133968	534181849	h
M0021_1	B02	534181849	543318427	b
M0021_1	B02	543318427	544579691	h
M0021_1	B02	544579691	547016370	a
M0021_1	B02	547016370	552908417	h
M0021_1	B02	552908417	553361589	a
M0021_1	B02	553361589	553392115	b
M0021_1	B02	553392115	554146193	a
M0021_1	B02	554146193	554363067	b
M0021_1	B02	554363067	555111286	h
M0021_1	B02	555111286	556356953	a
M0021_1	B02	556356953	557958965	b
M0317_1	B02	313539437	316030808	a
M0317_1	B02	316030808	318571740	b
M0317_1	B02	318571740	322830637	a
M0317_1	B02	322830637	324956044	b
M0317_1	B02	324956044	325169349	h
M0317_1	B02	325169349	326088966	b
M0317_1	B02	326088966	327168663	a
M0317_1	B02	327168663	329278492	b
M0317_1	B02	329278492	345399193	a
M0317_1	B02	345399193	345570992	b
M0317_1	B02	345570992	372914776	a
M0317_1	B02	372914776	373036103	h
M0317_1	B02	373036103	396256036	a
M0317_1	B02	396256036	396379445	b
M0317_1	B02	396379445	472843448	a
M0317_1	B02	472843448	472955473	b
M0317_1	B02	472955473	516122686	a
M0317_1	B02	516122686	519210163	b
M0317_1	B02	519210163	519597672	h
M0317_1	B02	519597672	534519619	b
M0317_1	B02	534519619	547537293	a
M0317_1	B02	547537293	548588497	h
M0317_1	B02	548588497	557958965	a
M0014_2	B02	313539437	315640928	a
M0014_2	B02	315640928	324956044	b
M0014_2	B02	324956044	325107039	h
M0014_2	B02	325107039	345338154	b
M0014_2	B02	345338154	345489679	a
M0014_2	B02	345489679	345570791	b
M0014_2	B02	345570791	345971844	a
M0014_2	B02	345971844	355068796	b
M0014_2	B02	355068796	359777919	a
M0014_2	B02	359777919	362873871	b
M0014_2	B02	362873871	372913700	a
M0014_2	B02	372913700	373224780	h
M0014_2	B02	373224780	396255597	a
M0014_2	B02	396255597	396379394	b
M0014_2	B02	396379394	447342225	a
M0014_2	B02	447342225	448227937	b
M0014_2	B02	448227937	459919378	a
M0014_2	B02	459919378	471816356	h
M0014_2	B02	471816356	537735510	b
M0014_2	B02	537735510	544741442	a
M0014_2	B02	544741442	546056497	h
M0014_2	B02	546056497	546943786	a
M0014_2	B02	546943786	552807729	b
M0014_2	B02	552807729	553301108	h
M0014_2	B02	553301108	557958965	a
M0016_2	B02	313539437	324956044	b
M0016_2	B02	324956044	325168816	h
M0016_2	B02	325168816	343665385	b
M0016_2	B02	343665385	344209750	a
M0016_2	B02	344209750	344573748	b
M0016_2	B02	344573748	378586677	a
M0016_2	B02	378586677	432197062	b
M0016_2	B02	432197062	445773029	h
M0016_2	B02	445773029	524905764	b
M0016_2	B02	524905764	530989715	a
M0016_2	B02	530989715	534939352	b
M0016_2	B02	534939352	546051560	a
M0016_2	B02	546051560	553563273	b
M0016_2	B02	553563273	556409932	a
M0016_2	B02	556409932	557958965	b
M0021_2	B02	313539437	316645227	b
M0021_2	B02	316645227	320841252	h
M0021_2	B02	320841252	321078068	b
M0021_2	B02	321078068	334262267	h
M0021_2	B02	334262267	354105937	a
M0021_2	B02	354105937	358577496	h
M0021_2	B02	358577496	358747673	a
M0021_2	B02	358747673	359696981	h
M0021_2	B02	359696981	365544443	a
M0021_2	B02	365544443	369681647	h
M0021_2	B02	369681647	370178544	a
M0021_2	B02	370178544	373466151	h
M0021_2	B02	373466151	375878839	a
M0021_2	B02	375878839	380748344	h
M0021_2	B02	380748344	385112366	a
M0021_2	B02	385112366	394328763	h
M0021_2	B02	394328763	396251033	a
M0021_2	B02	396251033	434500966	h
M0021_2	B02	434500966	444462244	a
M0021_2	B02	444462244	465392908	h
M0021_2	B02	465392908	466788577	a
M0021_2	B02	466788577	470761536	h
M0021_2	B02	470761536	472417086	a
M0021_2	B02	472417086	494506750	h
M0021_2	B02	494506750	505751263	a
M0021_2	B02	505751263	514814554	h
M0021_2	B02	514814554	518973685	a
M0021_2	B02	518973685	519220855	h
M0021_2	B02	519220855	519597672	a
M0021_2	B02	519597672	519703959	h
M0021_2	B02	519703959	519745095	a
M0021_2	B02	519745095	524680334	h
M0021_2	B02	524680334	524754402	a
M0021_2	B02	524754402	534181849	h
M0021_2	B02	534181849	543312723	b
M0021_2	B02	543312723	544579691	h
M0021_2	B02	544579691	547541258	a
M0021_2	B02	547541258	552908417	h
M0021_2	B02	552908417	554146193	a
M0021_2	B02	554146193	554363067	b
M0021_2	B02	554363067	555107151	h
M0021_2	B02	555107151	556409932	a
M0021_2	B02	556409932	557958965	b
M0317_2	B02	313539437	315894305	a
M0317_2	B02	315894305	318571740	b
M0317_2	B02	318571740	322830637	a
M0317_2	B02	322830637	326088966	b
M0317_2	B02	326088966	327172230	a
M0317_2	B02	327172230	329278492	b
M0317_2	B02	329278492	372914776	a
M0317_2	B02	372914776	373039531	h
M0317_2	B02	373039531	396256036	a
M0317_2	B02	396256036	396379445	b
M0317_2	B02	396379445	472843448	a
M0317_2	B02	472843448	472955473	b
M0317_2	B02	472955473	516122686	a
M0317_2	B02	516122686	519198693	b
M0317_2	B02	519198693	519553013	h
M0317_2	B02	519553013	534519619	b
M0317_2	B02	534519619	557958965	a
M0014_1	B03	564206005	570505463	b
M0014_1	B03	570505463	571702786	a
M0014_1	B03	571702786	573293958	b
M0014_1	B03	573293958	587575873	h
M0014_1	B03	587575873	587639433	a
M0014_1	B03	587639433	593861077	h
M0014_1	B03	593861077	722888648	b
M0014_1	B03	722888648	724680086	a
M0014_1	B03	724680086	751001644	b
M0014_1	B03	751001644	757978356	a
M0014_1	B03	757978356	758045311	b
M0014_1	B03	758045311	767032635	a
M0014_1	B03	767032635	767632320	b
M0014_1	B03	767632320	768212689	a
M0014_1	B03	768212689	770182147	b
M0014_1	B03	770182147	776677631	a
M0014_1	B03	776677631	798284012	b
M0014_1	B03	798284012	799808502	h
M0016_1	B03	564206005	565740679	a
M0016_1	B03	565740679	571093535	b
M0016_1	B03	571093535	571326811	a
M0016_1	B03	571326811	571657944	b
M0016_1	B03	571657944	572746013	a
M0016_1	B03	572746013	582372636	b
M0016_1	B03	582372636	595378442	a
M0016_1	B03	595378442	595715804	b
M0016_1	B03	595715804	612747493	a
M0016_1	B03	612747493	710915486	b
M0016_1	B03	710915486	714075426	a
M0016_1	B03	714075426	714101912	h
M0016_1	B03	714101912	721100915	a
M0016_1	B03	721100915	721219070	b
M0016_1	B03	721219070	742271511	a
M0016_1	B03	742271511	750254074	b
M0016_1	B03	750254074	757978341	a
M0016_1	B03	757978341	758044979	b
M0016_1	B03	758044979	776722449	a
M0016_1	B03	776722449	780313830	b
M0016_1	B03	780313830	783779688	a
M0016_1	B03	783779688	785075702	b
M0016_1	B03	785075702	785234471	a
M0016_1	B03	785234471	785603777	b
M0016_1	B03	785603777	785645549	h
M0016_1	B03	785645549	793586536	b
M0016_1	B03	793586536	793805880	a
M0016_1	B03	793805880	795097548	b
M0016_1	B03	795097548	799808502	a
M0021_1	B03	564206005	565898050	a
M0021_1	B03	565898050	567826288	h
M0021_1	B03	567826288	568669217	a
M0021_1	B03	568669217	569159256	h
M0021_1	B03	569159256	573061304	a
M0021_1	B03	573061304	573292514	h
M0021_1	B03	573292514	573432665	a
M0021_1	B03	573432665	573954049	h
M0021_1	B03	573954049	575678793	b
M0021_1	B03	575678793	576553010	a
M0021_1	B03	576553010	577459282	b
M0021_1	B03	577459282	586256931	h
M0021_1	B03	586256931	592004563	b
M0021_1	B03	592004563	592442776	h
M0021_1	B03	592442776	594725942	b
M0021_1	B03	594725942	596767453	h
M0021_1	B03	596767453	599329918	b
M0021_1	B03	599329918	601107167	h
M0021_1	B03	601107167	604386675	b
M0021_1	B03	604386675	606576886	h
M0021_1	B03	606576886	611499179	b
M0021_1	B03	611499179	623095737	h
M0021_1	B03	623095737	663532175	b
M0021_1	B03	663532175	670169578	h
M0021_1	B03	670169578	673968799	b
M0021_1	B03	673968799	675047409	h
M0021_1	B03	675047409	676552502	b
M0021_1	B03	676552502	677715606	h
M0021_1	B03	677715606	678449652	b
M0021_1	B03	678449652	679898356	h
M0021_1	B03	679898356	682308590	b
M0021_1	B03	682308590	684031070	h
M0021_1	B03	684031070	684758703	b
M0021_1	B03	684758703	685467464	h
M0021_1	B03	685467464	690337147	b
M0021_1	B03	690337147	693389195	h
M0021_1	B03	693389195	697215422	b
M0021_1	B03	697215422	710271889	h
M0021_1	B03	710271889	711977034	b
M0021_1	B03	711977034	713751273	h
M0021_1	B03	713751273	714755806	b
M0021_1	B03	714755806	723284751	h
M0021_1	B03	723284751	725424675	b
M0021_1	B03	725424675	733538940	h
M0021_1	B03	733538940	734235708	a
M0021_1	B03	734235708	734351247	h
M0021_1	B03	734351247	734593130	a
M0021_1	B03	734593130	735085024	h
M0021_1	B03	735085024	735485102	a
M0021_1	B03	735485102	739431353	h
M0021_1	B03	739431353	740476924	b
M0021_1	B03	740476924	743609595	h
M0021_1	B03	743609595	744473111	b
M0021_1	B03	744473111	747874824	h
M0021_1	B03	747874824	748012439	b
M0021_1	B03	748012439	751336342	h
M0021_1	B03	751336342	751396958	a
M0021_1	B03	751396958	752897715	h
M0021_1	B03	752897715	772167778	a
M0021_1	B03	772167778	772808255	h
M0021_1	B03	772808255	773832213	a
M0021_1	B03	773832213	776108912	h
M0021_1	B03	776108912	794894563	b
M0021_1	B03	794894563	798633854	a
M0021_1	B03	798633854	799808502	h
M0317_1	B03	564206005	567137881	b
M0317_1	B03	567137881	577456081	a
M0317_1	B03	577456081	710915486	b
M0317_1	B03	710915486	743637739	a
M0317_1	B03	743637739	743709626	b
M0317_1	B03	743709626	745052860	a
M0317_1	B03	745052860	755562165	b
M0317_1	B03	755562165	761191039	a
M0317_1	B03	761191039	786009359	b
M0317_1	B03	786009359	788794280	a
M0317_1	B03	788794280	794894563	b
M0317_1	B03	794894563	799808502	a
M0014_2	B03	564206005	570505463	b
M0014_2	B03	570505463	571702786	a
M0014_2	B03	571702786	573293958	b
M0014_2	B03	573293958	587575873	h
M0014_2	B03	587575873	587639433	a
M0014_2	B03	587639433	593919226	h
M0014_2	B03	593919226	722888648	b
M0014_2	B03	722888648	724680086	a
M0014_2	B03	724680086	751001644	b
M0014_2	B03	751001644	757978553	a
M0014_2	B03	757978553	758045311	b
M0014_2	B03	758045311	767033201	a
M0014_2	B03	767033201	767632320	b
M0014_2	B03	767632320	768212946	a
M0014_2	B03	768212946	770182147	b
M0014_2	B03	770182147	776722075	a
M0014_2	B03	776722075	798267448	b
M0014_2	B03	798267448	799808502	h
M0016_2	B03	564206005	565740679	a
M0016_2	B03	565740679	571657944	b
M0016_2	B03	571657944	572746013	a
M0016_2	B03	572746013	583413739	b
M0016_2	B03	583413739	595378442	a
M0016_2	B03	595378442	595715804	b
M0016_2	B03	595715804	612747493	a
M0016_2	B03	612747493	710915486	b
M0016_2	B03	710915486	714075426	a
M0016_2	B03	714075426	714101912	h
M0016_2	B03	714101912	721102133	a
M0016_2	B03	721102133	721166690	b
M0016_2	B03	721166690	741553703	a
M0016_2	B03	741553703	750397031	b
M0016_2	B03	750397031	757978453	a
M0016_2	B03	757978453	758044979	b
M0016_2	B03	758044979	776722449	a
M0016_2	B03	776722449	780313830	b
M0016_2	B03	780313830	783779688	a
M0016_2	B03	783779688	785075702	b
M0016_2	B03	785075702	785234471	a
M0016_2	B03	785234471	793586536	b
M0016_2	B03	793586536	793805880	a
M0016_2	B03	793805880	795097548	b
M0016_2	B03	795097548	799808502	a
M0021_2	B03	564206005	565898050	a
M0021_2	B03	565898050	567826288	h
M0021_2	B03	567826288	568669217	a
M0021_2	B03	568669217	569158610	h
M0021_2	B03	569158610	573061304	a
M0021_2	B03	573061304	573292514	h
M0021_2	B03	573292514	573432665	a
M0021_2	B03	573432665	574025265	h
M0021_2	B03	574025265	575678793	b
M0021_2	B03	575678793	576408379	a
M0021_2	B03	576408379	577224255	b
M0021_2	B03	577224255	578944786	h
M0021_2	B03	578944786	580818090	b
M0021_2	B03	580818090	586256931	h
M0021_2	B03	586256931	592004563	b
M0021_2	B03	592004563	592444798	h
M0021_2	B03	592444798	593856487	b
M0021_2	B03	593856487	596767453	h
M0021_2	B03	596767453	599406461	b
M0021_2	B03	599406461	601107167	h
M0021_2	B03	601107167	602969892	b
M0021_2	B03	602969892	603240121	h
M0021_2	B03	603240121	604386680	b
M0021_2	B03	604386680	606576938	h
M0021_2	B03	606576938	611499179	b
M0021_2	B03	611499179	623095737	h
M0021_2	B03	623095737	663532175	b
M0021_2	B03	663532175	672240933	h
M0021_2	B03	672240933	676550529	b
M0021_2	B03	676550529	676757320	h
M0021_2	B03	676757320	678449652	b
M0021_2	B03	678449652	679898356	h
M0021_2	B03	679898356	684586384	b
M0021_2	B03	684586384	685467464	h
M0021_2	B03	685467464	691720026	b
M0021_2	B03	691720026	693389195	h
M0021_2	B03	693389195	696487478	b
M0021_2	B03	696487478	710487441	h
M0021_2	B03	710487441	711977034	b
M0021_2	B03	711977034	713751273	h
M0021_2	B03	713751273	714755806	b
M0021_2	B03	714755806	723421608	h
M0021_2	B03	723421608	725424675	b
M0021_2	B03	725424675	733538940	h
M0021_2	B03	733538940	734235708	a
M0021_2	B03	734235708	734349175	h
M0021_2	B03	734349175	734593130	a
M0021_2	B03	734593130	735085024	h
M0021_2	B03	735085024	735485102	a
M0021_2	B03	735485102	737088432	h
M0021_2	B03	737088432	738001506	b
M0021_2	B03	738001506	739431353	h
M0021_2	B03	739431353	740640948	b
M0021_2	B03	740640948	743609595	h
M0021_2	B03	743609595	744473180	b
M0021_2	B03	744473180	747874824	h
M0021_2	B03	747874824	748012439	b
M0021_2	B03	748012439	751258603	h
M0021_2	B03	751258603	751384551	a
M0021_2	B03	751384551	753069794	h
M0021_2	B03	753069794	772196051	a
M0021_2	B03	772196051	772857774	h
M0021_2	B03	772857774	773832310	a
M0021_2	B03	773832310	776108912	h
M0021_2	B03	776108912	794894563	b
M0021_2	B03	794894563	798633854	a
M0021_2	B03	798633854	799808502	h
M0317_2	B03	564206005	567137881	b
M0317_2	B03	567137881	577456081	a
M0317_2	B03	577456081	710915486	b
M0317_2	B03	710915486	745052860	a
M0317_2	B03	745052860	755477466	b
M0317_2	B03	755477466	761191039	a
M0317_2	B03	761191039	786009359	b
M0317_2	B03	786009359	788794280	a
M0317_2	B03	788794280	794894563	b
M0317_2	B03	794894563	799808502	a
M0014_1	B04	807671391	826968896	b
M0014_1	B04	826968896	830629573	a
M0014_1	B04	830629573	840636490	b
M0014_1	B04	840636490	895722160	a
M0014_1	B04	895722160	897326662	h
M0014_1	B04	897326662	921869200	a
M0014_1	B04	921869200	922877260	b
M0014_1	B04	922877260	953448281	a
M0014_1	B04	953448281	953797511	b
M0014_1	B04	953797511	1000340380	a
M0014_1	B04	1000340380	1000507163	b
M0014_1	B04	1000507163	1001968654	a
M0014_1	B04	1001968654	1002176292	b
M0014_1	B04	1002176292	1009474877	a
M0014_1	B04	1009474877	1010063329	b
M0014_1	B04	1010063329	1054615149	a
M0016_1	B04	807671391	819805962	a
M0016_1	B04	819805962	827541117	b
M0016_1	B04	827541117	827766797	h
M0016_1	B04	827766797	983584353	b
M0016_1	B04	983584353	1000340380	a
M0016_1	B04	1000340380	1000511733	b
M0016_1	B04	1000511733	1052362668	a
M0016_1	B04	1052362668	1054615149	b
M0021_1	B04	807671391	810631210	h
M0021_1	B04	810631210	811082972	a
M0021_1	B04	811082972	812140020	h
M0021_1	B04	812140020	812493402	b
M0021_1	B04	812493402	818762007	h
M0021_1	B04	818762007	821172159	b
M0021_1	B04	821172159	823761076	h
M0021_1	B04	823761076	826824525	a
M0021_1	B04	826824525	833372659	h
M0021_1	B04	833372659	834147996	b
M0021_1	B04	834147996	840010895	h
M0021_1	B04	840010895	840069830	b
M0021_1	B04	840069830	841482109	h
M0021_1	B04	841482109	841775673	b
M0021_1	B04	841775673	843333812	h
M0021_1	B04	843333812	844102158	b
M0021_1	B04	844102158	852077256	h
M0021_1	B04	852077256	853574864	b
M0021_1	B04	853574864	859281872	h
M0021_1	B04	859281872	864081828	b
M0021_1	B04	864081828	871444620	h
M0021_1	B04	871444620	872101930	b
M0021_1	B04	872101930	880459841	h
M0021_1	B04	880459841	881068949	b
M0021_1	B04	881068949	935213342	h
M0021_1	B04	935213342	935952362	b
M0021_1	B04	935952362	949541537	h
M0021_1	B04	949541537	950856024	b
M0021_1	B04	950856024	956901450	h
M0021_1	B04	956901450	960700937	b
M0021_1	B04	960700937	971261173	h
M0021_1	B04	971261173	974456390	b
M0021_1	B04	974456390	980908999	h
M0021_1	B04	980908999	989387262	b
M0021_1	B04	989387262	991105378	h
M0021_1	B04	991105378	1000340380	a
M0021_1	B04	1000340380	1000476406	b
M0021_1	B04	1000476406	1048493538	a
M0021_1	B04	1048493538	1049480579	h
M0021_1	B04	1049480579	1050541507	b
M0021_1	B04	1050541507	1051561477	h
M0021_1	B04	1051561477	1052046632	a
M0021_1	B04	1052046632	1054615149	h
M0317_1	B04	807671391	812889357	b
M0317_1	B04	812889357	813539137	a
M0317_1	B04	813539137	813641010	b
M0317_1	B04	813641010	813710852	a
M0317_1	B04	813710852	826240021	b
M0317_1	B04	826240021	827080667	h
M0317_1	B04	827080667	922484883	a
M0317_1	B04	922484883	922877260	b
M0317_1	B04	922877260	953573299	a
M0317_1	B04	953573299	953835557	b
M0317_1	B04	953835557	958570351	a
M0317_1	B04	958570351	958851885	b
M0317_1	B04	958851885	959135224	a
M0317_1	B04	959135224	959312176	b
M0317_1	B04	959312176	962930768	a
M0317_1	B04	962930768	977700661	b
M0317_1	B04	977700661	983281072	a
M0317_1	B04	983281072	989024657	b
M0317_1	B04	989024657	995247679	a
M0317_1	B04	995247679	1029491431	b
M0317_1	B04	1029491431	1030977093	h
M0317_1	B04	1030977093	1033524490	b
M0317_1	B04	1033524490	1034833948	h
M0317_1	B04	1034833948	1036902935	b
M0317_1	B04	1036902935	1040805460	a
M0317_1	B04	1040805460	1041250822	b
M0317_1	B04	1041250822	1049821096	a
M0317_1	B04	1049821096	1052188688	b
M0317_1	B04	1052188688	1054615149	a
M0014_2	B04	807671391	826968896	b
M0014_2	B04	826968896	830629573	a
M0014_2	B04	830629573	840636490	b
M0014_2	B04	840636490	1000340380	a
M0014_2	B04	1000340380	1000464585	b
M0014_2	B04	1000464585	1009474877	a
M0014_2	B04	1009474877	1010063329	b
M0014_2	B04	1010063329	1054615149	a
M0016_2	B04	807671391	819805962	a
M0016_2	B04	819805962	827541117	b
M0016_2	B04	827541117	827766797	h
M0016_2	B04	827766797	983584353	b
M0016_2	B04	983584353	1000340380	a
M0016_2	B04	1000340380	1000511733	b
M0016_2	B04	1000511733	1052362668	a
M0016_2	B04	1052362668	1054615149	b
M0021_2	B04	807671391	808932274	h
M0021_2	B04	808932274	811082972	a
M0021_2	B04	811082972	812139872	h
M0021_2	B04	812139872	812493526	b
M0021_2	B04	812493526	818762007	h
M0021_2	B04	818762007	820642391	b
M0021_2	B04	820642391	823842520	h
M0021_2	B04	823842520	826824525	a
M0021_2	B04	826824525	833202552	h
M0021_2	B04	833202552	834147996	b
M0021_2	B04	834147996	841483085	h
M0021_2	B04	841483085	841775673	b
M0021_2	B04	841775673	843333812	h
M0021_2	B04	843333812	844102158	b
M0021_2	B04	844102158	859281872	h
M0021_2	B04	859281872	864251229	b
M0021_2	B04	864251229	870261295	h
M0021_2	B04	870261295	872101930	b
M0021_2	B04	872101930	935213342	h
M0021_2	B04	935213342	941264029	b
M0021_2	B04	941264029	948984862	h
M0021_2	B04	948984862	950504883	b
M0021_2	B04	950504883	956901450	h
M0021_2	B04	956901450	960700937	b
M0021_2	B04	960700937	971261173	h
M0021_2	B04	971261173	974456390	b
M0021_2	B04	974456390	982415792	h
M0021_2	B04	982415792	989396684	b
M0021_2	B04	989396684	991105378	h
M0021_2	B04	991105378	1000340380	a
M0021_2	B04	1000340380	1000476406	b
M0021_2	B04	1000476406	1048527807	a
M0021_2	B04	1048527807	1049480579	h
M0021_2	B04	1049480579	1050541507	b
M0021_2	B04	1050541507	1051561477	h
M0021_2	B04	1051561477	1052046632	a
M0021_2	B04	1052046632	1054615149	h
M0317_2	B04	807671391	812889357	b
M0317_2	B04	812889357	813539137	a
M0317_2	B04	813539137	813641010	b
M0317_2	B04	813641010	813710852	a
M0317_2	B04	813710852	827080667	b
M0317_2	B04	827080667	958721013	a
M0317_2	B04	958721013	958851885	b
M0317_2	B04	958851885	962930768	a
M0317_2	B04	962930768	977700661	b
M0317_2	B04	977700661	983281072	a
M0317_2	B04	983281072	989024657	b
M0317_2	B04	989024657	995247679	a
M0317_2	B04	995247679	1029492070	b
M0317_2	B04	1029492070	1030979267	h
M0317_2	B04	1030979267	1036890574	b
M0317_2	B04	1036890574	1040805460	a
M0317_2	B04	1040805460	1041250822	b
M0317_2	B04	1041250822	1049821096	a
M0317_2	B04	1049821096	1052188688	b
M0317_2	B04	1052188688	1053250897	a
M0317_2	B04	1053250897	1053280132	b
M0317_2	B04	1053280132	1054615149	a
M0014_1	B05	1060746823	1064812680	b
M0014_1	B05	1064812680	1064847845	h
M0014_1	B05	1064847845	1066923298	b
M0014_1	B05	1066923298	1084283482	a
M0014_1	B05	1084283482	1211792978	b
M0014_1	B05	1211792978	1225265157	a
M0014_1	B05	1225265157	1225297593	b
M0014_1	B05	1225297593	1254946757	a
M0014_1	B05	1254946757	1255047636	b
M0014_1	B05	1255047636	1262546052	a
M0014_1	B05	1262546052	1268265244	b
M0014_1	B05	1268265244	1268482541	h
M0014_1	B05	1268482541	1270941655	b
M0014_1	B05	1270941655	1271038776	h
M0014_1	B05	1271038776	1278211489	b
M0014_1	B05	1278211489	1278275166	a
M0014_1	B05	1278275166	1278618184	h
M0014_1	B05	1278618184	1278772099	b
M0014_1	B05	1278772099	1278988667	h
M0014_1	B05	1278988667	1280356480	b
M0014_1	B05	1280356480	1280747121	a
M0014_1	B05	1280747121	1281330889	b
M0014_1	B05	1281330889	1284561817	a
M0016_1	B05	1060746823	1063745432	b
M0016_1	B05	1063745432	1067457653	a
M0016_1	B05	1067457653	1068645353	b
M0016_1	B05	1068645353	1073673303	a
M0016_1	B05	1073673303	1074291528	b
M0016_1	B05	1074291528	1074530250	a
M0016_1	B05	1074530250	1074603486	b
M0016_1	B05	1074603486	1105810463	a
M0016_1	B05	1105810463	1254698281	b
M0016_1	B05	1254698281	1259651203	a
M0016_1	B05	1259651203	1259682653	b
M0016_1	B05	1259682653	1261706324	a
M0016_1	B05	1261706324	1268264698	b
M0016_1	B05	1268264698	1268483192	h
M0016_1	B05	1268483192	1269207936	b
M0016_1	B05	1269207936	1284561817	a
M0021_1	B05	1060746823	1061121055	a
M0021_1	B05	1061121055	1066257376	h
M0021_1	B05	1066257376	1066506793	b
M0021_1	B05	1066506793	1073144604	h
M0021_1	B05	1073144604	1076198080	a
M0021_1	B05	1076198080	1122379318	h
M0021_1	B05	1122379318	1128689110	b
M0021_1	B05	1128689110	1130362439	h
M0021_1	B05	1130362439	1132825157	b
M0021_1	B05	1132825157	1137449467	h
M0021_1	B05	1137449467	1140756162	b
M0021_1	B05	1140756162	1210567430	h
M0021_1	B05	1210567430	1211100189	b
M0021_1	B05	1211100189	1225614081	h
M0021_1	B05	1225614081	1225732146	a
M0021_1	B05	1225732146	1225756781	b
M0021_1	B05	1225756781	1232515592	a
M0021_1	B05	1232515592	1232967779	h
M0021_1	B05	1232967779	1233391994	a
M0021_1	B05	1233391994	1240214132	h
M0021_1	B05	1240214132	1240423059	b
M0021_1	B05	1240423059	1254608684	h
M0021_1	B05	1254608684	1254881796	a
M0021_1	B05	1254881796	1255047598	b
M0021_1	B05	1255047598	1278277963	a
M0021_1	B05	1278277963	1278764165	h
M0021_1	B05	1278764165	1280693730	b
M0021_1	B05	1280693730	1284561817	h
M0317_1	B05	1060746823	1064164695	b
M0317_1	B05	1064164695	1066831501	a
M0317_1	B05	1066831501	1067604694	h
M0317_1	B05	1067604694	1068144809	b
M0317_1	B05	1068144809	1072485170	a
M0317_1	B05	1072485170	1255214259	b
M0317_1	B05	1255214259	1255626685	h
M0317_1	B05	1255626685	1258482256	b
M0317_1	B05	1258482256	1259651203	a
M0317_1	B05	1259651203	1259682919	b
M0317_1	B05	1259682919	1267645244	a
M0317_1	B05	1267645244	1270283680	b
M0317_1	B05	1270283680	1270414509	h
M0317_1	B05	1270414509	1276433820	b
M0317_1	B05	1276433820	1279239045	a
M0317_1	B05	1279239045	1280746491	b
M0317_1	B05	1280746491	1284561817	a
M0014_2	B05	1060746823	1066923603	b
M0014_2	B05	1066923603	1084037451	a
M0014_2	B05	1084037451	1211792839	b
M0014_2	B05	1211792839	1225265157	a
M0014_2	B05	1225265157	1225297593	b
M0014_2	B05	1225297593	1262546052	a
M0014_2	B05	1262546052	1278211489	b
M0014_2	B05	1278211489	1278275028	a
M0014_2	B05	1278275028	1278563124	h
M0014_2	B05	1278563124	1278587740	a
M0014_2	B05	1278587740	1280356480	b
M0014_2	B05	1280356480	1280746747	a
M0014_2	B05	1280746747	1281330889	b
M0014_2	B05	1281330889	1284561817	a
M0016_2	B05	1060746823	1063677775	b
M0016_2	B05	1063677775	1067457653	a
M0016_2	B05	1067457653	1068645353	b
M0016_2	B05	1068645353	1073673303	a
M0016_2	B05	1073673303	1074291528	b
M0016_2	B05	1074291528	1074530250	a
M0016_2	B05	1074530250	1074603486	b
M0016_2	B05	1074603486	1105810435	a
M0016_2	B05	1105810435	1254698281	b
M0016_2	B05	1254698281	1259651203	a
M0016_2	B05	1259651203	1259682653	b
M0016_2	B05	1259682653	1261955689	a
M0016_2	B05	1261955689	1269207936	b
M0016_2	B05	1269207936	1284561817	a
M0021_2	B05	1060746823	1061121055	a
M0021_2	B05	1061121055	1066298655	h
M0021_2	B05	1066298655	1066506793	b
M0021_2	B05	1066506793	1073144604	h
M0021_2	B05	1073144604	1076241000	a
M0021_2	B05	1076241000	1122379318	h
M0021_2	B05	1122379318	1128689110	b
M0021_2	B05	1128689110	1130362439	h
M0021_2	B05	1130362439	1132789745	b
M0021_2	B05	1132789745	1137449467	h
M0021_2	B05	1137449467	1140756162	b
M0021_2	B05	1140756162	1147061821	h
M0021_2	B05	1147061821	1147225017	a
M0021_2	B05	1147225017	1210567430	h
M0021_2	B05	1210567430	1211042086	b
M0021_2	B05	1211042086	1225303724	h
M0021_2	B05	1225303724	1225732146	a
M0021_2	B05	1225732146	1225756781	b
M0021_2	B05	1225756781	1233583535	a
M0021_2	B05	1233583535	1240034691	h
M0021_2	B05	1240034691	1240423059	b
M0021_2	B05	1240423059	1254608684	h
M0021_2	B05	1254608684	1278295336	a
M0021_2	B05	1278295336	1278583526	h
M0021_2	B05	1278583526	1280746491	b
M0021_2	B05	1280746491	1281253167	h
M0021_2	B05	1281253167	1281641208	a
M0021_2	B05	1281641208	1284561817	h
M0317_2	B05	1060746823	1064164695	b
M0317_2	B05	1064164695	1066831501	a
M0317_2	B05	1066831501	1067604694	h
M0317_2	B05	1067604694	1068144809	b
M0317_2	B05	1068144809	1072485170	a
M0317_2	B05	1072485170	1254257287	b
M0317_2	B05	1254257287	1256389012	h
M0317_2	B05	1256389012	1258482009	b
M0317_2	B05	1258482009	1267645244	a
M0317_2	B05	1267645244	1276433820	b
M0317_2	B05	1276433820	1279239045	a
M0317_2	B05	1279239045	1280746491	b
M0317_2	B05	1280746491	1284561817	a
M0014_1	B06	1291723291	1296068245	b
M0014_1	B06	1296068245	1307955419	a
M0014_1	B06	1307955419	1310880488	h
M0014_1	B06	1310880488	1315247657	a
M0014_1	B06	1315247657	1316278189	b
M0014_1	B06	1316278189	1330318173	a
M0014_1	B06	1330318173	1330406026	b
M0014_1	B06	1330406026	1396822664	a
M0014_1	B06	1396822664	1397127477	b
M0014_1	B06	1397127477	1411868608	a
M0014_1	B06	1411868608	1411916819	b
M0014_1	B06	1411916819	1416652802	a
M0014_1	B06	1416652802	1416729442	b
M0014_1	B06	1416729442	1428080028	a
M0014_1	B06	1428080028	1438157934	b
M0014_1	B06	1438157934	1446801449	a
M0014_1	B06	1446801449	1449239629	b
M0014_1	B06	1449239629	1450071376	h
M0014_1	B06	1450071376	1454800874	b
M0014_1	B06	1454800874	1458526642	a
M0014_1	B06	1458526642	1462136574	b
M0014_1	B06	1462136574	1465752008	a
M0016_1	B06	1291723291	1300258196	b
M0016_1	B06	1300258196	1310495995	a
M0016_1	B06	1310495995	1310880603	h
M0016_1	B06	1310880603	1311270083	a
M0016_1	B06	1311270083	1314282479	b
M0016_1	B06	1314282479	1317157964	a
M0016_1	B06	1317157964	1382875852	b
M0016_1	B06	1382875852	1383020744	h
M0016_1	B06	1383020744	1391241297	b
M0016_1	B06	1391241297	1392653050	a
M0016_1	B06	1392653050	1398576659	b
M0016_1	B06	1398576659	1398852598	h
M0016_1	B06	1398852598	1446646112	b
M0016_1	B06	1446646112	1452120452	a
M0016_1	B06	1452120452	1452232359	b
M0016_1	B06	1452232359	1464234301	a
M0016_1	B06	1464234301	1464310959	b
M0016_1	B06	1464310959	1465752008	a
M0021_1	B06	1291723291	1308501450	h
M0021_1	B06	1308501450	1310569871	b
M0021_1	B06	1310569871	1314269183	h
M0021_1	B06	1314269183	1315199004	a
M0021_1	B06	1315199004	1382687391	h
M0021_1	B06	1382687391	1396586873	a
M0021_1	B06	1396586873	1396952833	b
M0021_1	B06	1396952833	1407574944	a
M0021_1	B06	1407574944	1413496126	h
M0021_1	B06	1413496126	1417019289	b
M0021_1	B06	1417019289	1419363753	h
M0021_1	B06	1419363753	1452391399	b
M0021_1	B06	1452391399	1456109502	h
M0021_1	B06	1456109502	1457944159	b
M0021_1	B06	1457944159	1458314098	h
M0021_1	B06	1458314098	1461691932	a
M0021_1	B06	1461691932	1465752008	h
M0317_1	B06	1291723291	1298334390	b
M0317_1	B06	1298334390	1308563788	a
M0317_1	B06	1308563788	1310961796	h
M0317_1	B06	1310961796	1321331059	a
M0317_1	B06	1321331059	1382687546	b
M0317_1	B06	1382687546	1382905165	a
M0317_1	B06	1382905165	1383554869	h
M0317_1	B06	1383554869	1392442640	a
M0317_1	B06	1392442640	1392502969	b
M0317_1	B06	1392502969	1396137220	a
M0317_1	B06	1396137220	1397127477	b
M0317_1	B06	1397127477	1404640039	a
M0317_1	B06	1404640039	1449201465	b
M0317_1	B06	1449201465	1450070270	h
M0317_1	B06	1450070270	1457555340	b
M0317_1	B06	1457555340	1458040084	a
M0317_1	B06	1458040084	1465752008	b
M0014_2	B06	1291723291	1296068245	b
M0014_2	B06	1296068245	1330086731	a
M0014_2	B06	1330086731	1330406026	b
M0014_2	B06	1330406026	1396586425	a
M0014_2	B06	1396586425	1397127477	b
M0014_2	B06	1397127477	1416652802	a
M0014_2	B06	1416652802	1416729442	b
M0014_2	B06	1416729442	1428080028	a
M0014_2	B06	1428080028	1438157934	b
M0014_2	B06	1438157934	1446801449	a
M0014_2	B06	1446801449	1454946065	b
M0014_2	B06	1454946065	1458533215	a
M0014_2	B06	1458533215	1462136574	b
M0014_2	B06	1462136574	1465752008	a
M0016_2	B06	1291723291	1300258196	b
M0016_2	B06	1300258196	1311270083	a
M0016_2	B06	1311270083	1314181763	b
M0016_2	B06	1314181763	1317157964	a
M0016_2	B06	1317157964	1382875852	b
M0016_2	B06	1382875852	1383244680	h
M0016_2	B06	1383244680	1391241297	b
M0016_2	B06	1391241297	1392653050	a
M0016_2	B06	1392653050	1446646112	b
M0016_2	B06	1446646112	1452120515	a
M0016_2	B06	1452120515	1452232359	b
M0016_2	B06	1452232359	1464232219	a
M0016_2	B06	1464232219	1464321226	b
M0016_2	B06	1464321226	1465752008	a
M0021_2	B06	1291723291	1314284481	h
M0021_2	B06	1314284481	1314441418	a
M0021_2	B06	1314441418	1382687391	h
M0021_2	B06	1382687391	1407574916	a
M0021_2	B06	1407574916	1413496126	h
M0021_2	B06	1413496126	1417011655	b
M0021_2	B06	1417011655	1419363753	h
M0021_2	B06	1419363753	1452707372	b
M0021_2	B06	1452707372	1456051559	h
M0021_2	B06	1456051559	1458026683	b
M0021_2	B06	1458026683	1458371960	h
M0021_2	B06	1458371960	1461747780	a
M0021_2	B06	1461747780	1465752008	h
M0317_2	B06	1291723291	1298334390	b
M0317_2	B06	1298334390	1321331059	a
M0317_2	B06	1321331059	1382875852	b
M0317_2	B06	1382875852	1382905165	a
M0317_2	B06	1382905165	1383554869	h
M0317_2	B06	1383554869	1396137220	a
M0317_2	B06	1396137220	1397127477	b
M0317_2	B06	1397127477	1404640039	a
M0317_2	B06	1404640039	1457555340	b
M0317_2	B06	1457555340	1458040352	a
M0317_2	B06	1458040352	1465752008	b
M0014_1	B07	1471080587	1474028223	a
M0014_1	B07	1474028223	1476010565	b
M0014_1	B07	1476010565	1514168187	a
M0014_1	B07	1514168187	1514373610	b
M0014_1	B07	1514373610	1523516357	a
M0014_1	B07	1523516357	1523748250	b
M0014_1	B07	1523748250	1552154373	a
M0014_1	B07	1552154373	1552566982	b
M0014_1	B07	1552566982	1559189390	a
M0014_1	B07	1559189390	1559488838	h
M0014_1	B07	1559488838	1560373373	a
M0014_1	B07	1560373373	1560619163	b
M0014_1	B07	1560619163	1638980441	a
M0014_1	B07	1638980441	1641876744	b
M0014_1	B07	1641876744	1644277327	h
M0014_1	B07	1644277327	1653256374	b
M0016_1	B07	1471080587	1473331333	b
M0016_1	B07	1473331333	1478830654	a
M0016_1	B07	1478830654	1478920713	b
M0016_1	B07	1478920713	1496303086	a
M0016_1	B07	1496303086	1496382767	b
M0016_1	B07	1496382767	1514217532	a
M0016_1	B07	1514217532	1514373533	b
M0016_1	B07	1514373533	1523516357	a
M0016_1	B07	1523516357	1523641614	b
M0016_1	B07	1523641614	1559189390	a
M0016_1	B07	1559189390	1559488838	h
M0016_1	B07	1559488838	1560373373	a
M0016_1	B07	1560373373	1560619163	b
M0016_1	B07	1560619163	1580474390	a
M0016_1	B07	1580474390	1586490217	b
M0016_1	B07	1586490217	1590544903	h
M0016_1	B07	1590544903	1597182676	b
M0016_1	B07	1597182676	1597319422	a
M0016_1	B07	1597319422	1603534058	b
M0016_1	B07	1603534058	1630456850	a
M0016_1	B07	1630456850	1632064096	b
M0016_1	B07	1632064096	1641462424	a
M0016_1	B07	1641462424	1653256374	b
M0021_1	B07	1471080587	1471957642	h
M0021_1	B07	1471957642	1478830654	a
M0021_1	B07	1478830654	1480066796	h
M0021_1	B07	1480066796	1480627454	b
M0021_1	B07	1480627454	1480698488	a
M0021_1	B07	1480698488	1489236072	b
M0021_1	B07	1489236072	1504552149	h
M0021_1	B07	1504552149	1504571943	a
M0021_1	B07	1504571943	1507480461	h
M0021_1	B07	1507480461	1507724278	a
M0021_1	B07	1507724278	1508611419	h
M0021_1	B07	1508611419	1509002112	a
M0021_1	B07	1509002112	1549278079	h
M0021_1	B07	1549278079	1552126076	a
M0021_1	B07	1552126076	1564933694	h
M0021_1	B07	1564933694	1565708773	b
M0021_1	B07	1565708773	1582631039	h
M0021_1	B07	1582631039	1618442686	a
M0021_1	B07	1618442686	1618644365	b
M0021_1	B07	1618644365	1618933136	a
M0021_1	B07	1618933136	1624813491	h
M0021_1	B07	1624813491	1646094134	a
M0021_1	B07	1646094134	1646928639	h
M0021_1	B07	1646928639	1648715336	a
M0021_1	B07	1648715336	1650362745	b
M0021_1	B07	1650362745	1651827159	h
M0021_1	B07	1651827159	1653256374	a
M0317_1	B07	1471080587	1473182557	b
M0317_1	B07	1473182557	1478766145	a
M0317_1	B07	1478766145	1478920713	b
M0317_1	B07	1478920713	1496302682	a
M0317_1	B07	1496302682	1496382767	b
M0317_1	B07	1496382767	1502465023	a
M0317_1	B07	1502465023	1502626370	b
M0317_1	B07	1502626370	1523516357	a
M0317_1	B07	1523516357	1523748250	b
M0317_1	B07	1523748250	1552154373	a
M0317_1	B07	1552154373	1552567008	b
M0317_1	B07	1552567008	1560373373	a
M0317_1	B07	1560373373	1560653772	b
M0317_1	B07	1560653772	1597182850	a
M0317_1	B07	1597182850	1597321935	b
M0317_1	B07	1597321935	1603875821	a
M0317_1	B07	1603875821	1617232522	b
M0317_1	B07	1617232522	1619429425	a
M0317_1	B07	1619429425	1630231418	b
M0317_1	B07	1630231418	1634964956	a
M0317_1	B07	1634964956	1635718741	h
M0317_1	B07	1635718741	1636337898	a
M0317_1	B07	1636337898	1638357554	b
M0317_1	B07	1638357554	1642533412	a
M0317_1	B07	1642533412	1653256374	b
M0014_2	B07	1471080587	1474028223	a
M0014_2	B07	1474028223	1475859327	b
M0014_2	B07	1475859327	1514217487	a
M0014_2	B07	1514217487	1514373610	b
M0014_2	B07	1514373610	1523516357	a
M0014_2	B07	1523516357	1523748250	b
M0014_2	B07	1523748250	1552154373	a
M0014_2	B07	1552154373	1552566982	b
M0014_2	B07	1552566982	1560373373	a
M0014_2	B07	1560373373	1560619163	b
M0014_2	B07	1560619163	1638988975	a
M0014_2	B07	1638988975	1641871385	b
M0014_2	B07	1641871385	1644277327	h
M0014_2	B07	1644277327	1653256374	b
M0016_2	B07	1471080587	1473331333	b
M0016_2	B07	1473331333	1478830654	a
M0016_2	B07	1478830654	1478920713	b
M0016_2	B07	1478920713	1496212352	a
M0016_2	B07	1496212352	1496382767	b
M0016_2	B07	1496382767	1514168187	a
M0016_2	B07	1514168187	1514373533	b
M0016_2	B07	1514373533	1523516357	a
M0016_2	B07	1523516357	1523641614	b
M0016_2	B07	1523641614	1560373396	a
M0016_2	B07	1560373396	1560619163	b
M0016_2	B07	1560619163	1580469732	a
M0016_2	B07	1580469732	1597181098	b
M0016_2	B07	1597181098	1597319422	a
M0016_2	B07	1597319422	1603534058	b
M0016_2	B07	1603534058	1630456850	a
M0016_2	B07	1630456850	1632187359	b
M0016_2	B07	1632187359	1641462424	a
M0016_2	B07	1641462424	1653256374	b
M0021_2	B07	1471080587	1471957642	h
M0021_2	B07	1471957642	1478764645	a
M0021_2	B07	1478764645	1480066796	h
M0021_2	B07	1480066796	1480627454	b
M0021_2	B07	1480627454	1480698501	a
M0021_2	B07	1480698501	1489954096	b
M0021_2	B07	1489954096	1504404496	h
M0021_2	B07	1504404496	1504579400	a
M0021_2	B07	1504579400	1507463608	h
M0021_2	B07	1507463608	1507724278	a
M0021_2	B07	1507724278	1508611419	h
M0021_2	B07	1508611419	1509002112	a
M0021_2	B07	1509002112	1549026103	h
M0021_2	B07	1549026103	1552138067	a
M0021_2	B07	1552138067	1582631039	h
M0021_2	B07	1582631039	1618933136	a
M0021_2	B07	1618933136	1624592600	h
M0021_2	B07	1624592600	1646093026	a
M0021_2	B07	1646093026	1646928639	h
M0021_2	B07	1646928639	1648715336	a
M0021_2	B07	1648715336	1650362745	b
M0021_2	B07	1650362745	1651827159	h
M0021_2	B07	1651827159	1653256374	a
M0317_2	B07	1471080587	1473167841	b
M0317_2	B07	1473167841	1478766145	a
M0317_2	B07	1478766145	1478920713	b
M0317_2	B07	1478920713	1496302682	a
M0317_2	B07	1496302682	1496382767	b
M0317_2	B07	1496382767	1502359912	a
M0317_2	B07	1502359912	1502705843	b
M0317_2	B07	1502705843	1552154373	a
M0317_2	B07	1552154373	1552567008	b
M0317_2	B07	1552567008	1560373396	a
M0317_2	B07	1560373396	1560621534	b
M0317_2	B07	1560621534	1597182850	a
M0317_2	B07	1597182850	1597321935	b
M0317_2	B07	1597321935	1603738190	a
M0317_2	B07	1603738190	1617232522	b
M0317_2	B07	1617232522	1619429425	a
M0317_2	B07	1619429425	1630231418	b
M0317_2	B07	1630231418	1634964956	a
M0317_2	B07	1634964956	1635718741	h
M0317_2	B07	1635718741	1636342411	a
M0317_2	B07	1636342411	1638357689	b
M0317_2	B07	1638357689	1642533411	a
M0317_2	B07	1642533411	1653256374	b
M0014_1	B08	1661330846	1673845013	b
M0014_1	B08	1673845013	1678785775	a
M0014_1	B08	1678785775	1787614140	b
M0014_1	B08	1787614140	1831920775	a
M0014_1	B08	1831920775	1832258447	b
M0014_1	B08	1832258447	1833150433	a
M0014_1	B08	1833150433	1840894767	b
M0014_1	B08	1840894767	1842444740	a
M0016_1	B08	1661330846	1678902936	a
M0016_1	B08	1678902936	1679127494	b
M0016_1	B08	1679127494	1698657756	a
M0016_1	B08	1698657756	1698829772	b
M0016_1	B08	1698829772	1768350713	a
M0016_1	B08	1768350713	1768949972	h
M0016_1	B08	1768949972	1772379610	a
M0016_1	B08	1772379610	1773935721	h
M0016_1	B08	1773935721	1818779755	b
M0016_1	B08	1818779755	1831969627	a
M0016_1	B08	1831969627	1832055796	b
M0016_1	B08	1832055796	1833150433	a
M0016_1	B08	1833150433	1833175206	b
M0016_1	B08	1833175206	1834032059	a
M0016_1	B08	1834032059	1842444740	b
M0021_1	B08	1661330846	1665781352	h
M0021_1	B08	1665781352	1666874346	a
M0021_1	B08	1666874346	1670981911	h
M0021_1	B08	1670981911	1671075430	b
M0021_1	B08	1671075430	1674484055	h
M0021_1	B08	1674484055	1674582680	a
M0021_1	B08	1674582680	1683459486	h
M0021_1	B08	1683459486	1683832940	a
M0021_1	B08	1683832940	1688213282	h
M0021_1	B08	1688213282	1735133886	b
M0021_1	B08	1735133886	1787772560	h
M0021_1	B08	1787772560	1788301048	b
M0021_1	B08	1788301048	1796432682	h
M0021_1	B08	1796432682	1798211620	b
M0021_1	B08	1798211620	1799420293	h
M0021_1	B08	1799420293	1799489896	a
M0021_1	B08	1799489896	1803621481	h
M0021_1	B08	1803621481	1803924139	b
M0021_1	B08	1803924139	1828850768	h
M0021_1	B08	1828850768	1830218863	b
M0021_1	B08	1830218863	1830757908	h
M0021_1	B08	1830757908	1831969615	a
M0021_1	B08	1831969615	1832055796	b
M0021_1	B08	1832055796	1833150433	a
M0021_1	B08	1833150433	1833175398	b
M0021_1	B08	1833175398	1834708412	a
M0021_1	B08	1834708412	1835707095	h
M0021_1	B08	1835707095	1836840868	a
M0021_1	B08	1836840868	1837379540	h
M0021_1	B08	1837379540	1842444740	b
M0317_1	B08	1661330846	1666894722	a
M0317_1	B08	1666894722	1668099121	b
M0317_1	B08	1668099121	1672975503	a
M0317_1	B08	1672975503	1674674831	b
M0317_1	B08	1674674831	1682599602	a
M0317_1	B08	1682599602	1684698021	b
M0317_1	B08	1684698021	1768294736	a
M0317_1	B08	1768294736	1769104274	h
M0317_1	B08	1769104274	1774243197	a
M0317_1	B08	1774243197	1826467094	b
M0317_1	B08	1826467094	1831970413	a
M0317_1	B08	1831970413	1832055796	b
M0317_1	B08	1832055796	1833150433	a
M0317_1	B08	1833150433	1833175206	b
M0317_1	B08	1833175206	1840412055	a
M0317_1	B08	1840412055	1841002679	b
M0317_1	B08	1841002679	1842444740	a
M0014_2	B08	1661330846	1673831418	b
M0014_2	B08	1673831418	1678727872	a
M0014_2	B08	1678727872	1787614140	b
M0014_2	B08	1787614140	1831920775	a
M0014_2	B08	1831920775	1832258396	b
M0014_2	B08	1832258396	1833243477	a
M0014_2	B08	1833243477	1840894767	b
M0014_2	B08	1840894767	1842444740	a
M0016_2	B08	1661330846	1674622440	a
M0016_2	B08	1674622440	1674674358	b
M0016_2	B08	1674674358	1678946314	a
M0016_2	B08	1678946314	1679127494	b
M0016_2	B08	1679127494	1698153479	a
M0016_2	B08	1698153479	1698657756	h
M0016_2	B08	1698657756	1698829772	b
M0016_2	B08	1698829772	1768350713	a
M0016_2	B08	1768350713	1768949972	h
M0016_2	B08	1768949972	1772379610	a
M0016_2	B08	1772379610	1773935721	h
M0016_2	B08	1773935721	1818779755	b
M0016_2	B08	1818779755	1831969596	a
M0016_2	B08	1831969596	1832055796	b
M0016_2	B08	1832055796	1834040714	a
M0016_2	B08	1834040714	1842444740	b
M0021_2	B08	1661330846	1665781352	h
M0021_2	B08	1665781352	1666893904	a
M0021_2	B08	1666893904	1674484055	h
M0021_2	B08	1674484055	1674582680	a
M0021_2	B08	1674582680	1676340438	h
M0021_2	B08	1676340438	1676615225	a
M0021_2	B08	1676615225	1683459486	h
M0021_2	B08	1683459486	1683832940	a
M0021_2	B08	1683832940	1688240941	h
M0021_2	B08	1688240941	1735133886	b
M0021_2	B08	1735133886	1796432594	h
M0021_2	B08	1796432594	1798468031	b
M0021_2	B08	1798468031	1799424660	h
M0021_2	B08	1799424660	1799489896	a
M0021_2	B08	1799489896	1828872950	h
M0021_2	B08	1828872950	1830218822	b
M0021_2	B08	1830218822	1830498636	h
M0021_2	B08	1830498636	1834708412	a
M0021_2	B08	1834708412	1835706930	h
M0021_2	B08	1835706930	1836845014	a
M0021_2	B08	1836845014	1837436417	h
M0021_2	B08	1837436417	1842444740	b
M0317_2	B08	1661330846	1666894722	a
M0317_2	B08	1666894722	1668099121	b
M0317_2	B08	1668099121	1672975503	a
M0317_2	B08	1672975503	1674674831	b
M0317_2	B08	1674674831	1682599602	a
M0317_2	B08	1682599602	1684553342	b
M0317_2	B08	1684553342	1768294736	a
M0317_2	B08	1768294736	1769104274	h
M0317_2	B08	1769104274	1774243197	a
M0317_2	B08	1774243197	1826467094	b
M0317_2	B08	1826467094	1840412055	a
M0317_2	B08	1840412055	1841002679	b
M0317_2	B08	1841002679	1842444740	a
M0014_1	B09	1850153270	1854452280	a
M0014_1	B09	1854452280	1854586470	b
M0014_1	B09	1854586470	1861942264	a
M0014_1	B09	1861942264	1861968108	h
M0014_1	B09	1861968108	1869935841	b
M0014_1	B09	1869935841	1870085768	a
M0014_1	B09	1870085768	1914786660	b
M0014_1	B09	1914786660	1914820004	h
M0014_1	B09	1914820004	1921694662	b
M0014_1	B09	1921694662	1922763884	h
M0014_1	B09	1922763884	1964561779	b
M0014_1	B09	1964561779	1967524836	h
M0014_1	B09	1967524836	1987269446	b
M0014_1	B09	1987269446	1987337969	a
M0014_1	B09	1987337969	1994342499	b
M0014_1	B09	1994342499	1996907490	h
M0014_1	B09	1996907490	1999496826	b
M0014_1	B09	1999496826	2002946350	h
M0014_1	B09	2002946350	2004599865	a
M0014_1	B09	2004599865	2009843235	b
M0016_1	B09	1850153270	1853446641	a
M0016_1	B09	1853446641	1854762340	b
M0016_1	B09	1854762340	1856844625	a
M0016_1	B09	1856844625	1856916663	h
M0016_1	B09	1856916663	1858255929	b
M0016_1	B09	1858255929	1860876462	a
M0016_1	B09	1860876462	1862856456	b
M0016_1	B09	1862856456	1865507293	a
M0016_1	B09	1865507293	1865811651	b
M0016_1	B09	1865811651	1894789617	a
M0016_1	B09	1894789617	1894839248	b
M0016_1	B09	1894839248	1914902058	a
M0016_1	B09	1914902058	1915175641	b
M0016_1	B09	1915175641	1921715073	a
M0016_1	B09	1921715073	1921853515	h
M0016_1	B09	1921853515	1924526782	a
M0016_1	B09	1924526782	1924666277	b
M0016_1	B09	1924666277	1970902297	a
M0016_1	B09	1970902297	1971122370	b
M0016_1	B09	1971122370	1977767307	a
M0016_1	B09	1977767307	1991176495	b
M0016_1	B09	1991176495	1992542240	a
M0016_1	B09	1992542240	1999603247	b
M0016_1	B09	1999603247	2000812756	a
M0016_1	B09	2000812756	2000965797	b
M0016_1	B09	2000965797	2003020461	a
M0016_1	B09	2003020461	2007003839	b
M0016_1	B09	2007003839	2009843235	a
M0021_1	B09	1850153270	1851033830	h
M0021_1	B09	1851033830	1851168925	a
M0021_1	B09	1851168925	1854839886	b
M0021_1	B09	1854839886	1856845747	h
M0021_1	B09	1856845747	1858166415	a
M0021_1	B09	1858166415	1863042816	h
M0021_1	B09	1863042816	1869956928	a
M0021_1	B09	1869956928	1869984150	b
M0021_1	B09	1869984150	1872815465	a
M0021_1	B09	1872815465	1873171275	h
M0021_1	B09	1873171275	1873597707	a
M0021_1	B09	1873597707	1873767965	b
M0021_1	B09	1873767965	1894789617	a
M0021_1	B09	1894789617	1894840559	b
M0021_1	B09	1894840559	1970676111	a
M0021_1	B09	1970676111	1971122370	b
M0021_1	B09	1971122370	1986982207	a
M0021_1	B09	1986982207	1996055694	h
M0021_1	B09	1996055694	2006762727	a
M0021_1	B09	2006762727	2009843235	b
M0317_1	B09	1850153270	1855223983	a
M0317_1	B09	1855223983	1864156437	b
M0317_1	B09	1864156437	1865781231	a
M0317_1	B09	1865781231	1865811651	b
M0317_1	B09	1865811651	1869854927	a
M0317_1	B09	1869854927	1870086109	b
M0317_1	B09	1870086109	1872840322	a
M0317_1	B09	1872840322	1873119699	b
M0317_1	B09	1873119699	1874470420	a
M0317_1	B09	1874470420	1874561240	b
M0317_1	B09	1874561240	1970902297	a
M0317_1	B09	1970902297	1971139215	b
M0317_1	B09	1971139215	1996054348	a
M0317_1	B09	1996054348	2009843235	b
M0014_2	B09	1850153270	1854452280	a
M0014_2	B09	1854452280	1854586470	b
M0014_2	B09	1854586470	1861942264	a
M0014_2	B09	1861942264	1861968108	h
M0014_2	B09	1861968108	1869946464	b
M0014_2	B09	1869946464	1870085768	a
M0014_2	B09	1870085768	1921596471	b
M0014_2	B09	1921596471	1922763884	h
M0014_2	B09	1922763884	1964673216	b
M0014_2	B09	1964673216	1967428052	h
M0014_2	B09	1967428052	1994342119	b
M0014_2	B09	1994342119	1996907490	h
M0014_2	B09	1996907490	1999437699	b
M0014_2	B09	1999437699	2002946350	h
M0014_2	B09	2002946350	2004599865	a
M0014_2	B09	2004599865	2009843235	b
M0016_2	B09	1850153270	1853446641	a
M0016_2	B09	1853446641	1854762340	b
M0016_2	B09	1854762340	1856844553	a
M0016_2	B09	1856844553	1858271216	b
M0016_2	B09	1858271216	1861014229	a
M0016_2	B09	1861014229	1862856456	b
M0016_2	B09	1862856456	1914902270	a
M0016_2	B09	1914902270	1915175100	b
M0016_2	B09	1915175100	1970902297	a
M0016_2	B09	1970902297	1971122370	b
M0016_2	B09	1971122370	1977767307	a
M0016_2	B09	1977767307	1991176495	b
M0016_2	B09	1991176495	1992488877	a
M0016_2	B09	1992488877	1999603247	b
M0016_2	B09	1999603247	2000812756	a
M0016_2	B09	2000812756	2000965797	b
M0016_2	B09	2000965797	2003020461	a
M0016_2	B09	2003020461	2007003839	b
M0016_2	B09	2007003839	2009843235	a
M0021_2	B09	1850153270	1850981042	h
M0021_2	B09	1850981042	1851126947	a
M0021_2	B09	1851126947	1854839886	b
M0021_2	B09	1854839886	1856845747	h
M0021_2	B09	1856845747	1858166415	a
M0021_2	B09	1858166415	1863042751	h
M0021_2	B09	1863042751	1869956928	a
M0021_2	B09	1869956928	1869984215	b
M0021_2	B09	1869984215	1894789617	a
M0021_2	B09	1894789617	1894966829	b
M0021_2	B09	1894966829	1970902297	a
M0021_2	B09	1970902297	1971122370	b
M0021_2	B09	1971122370	1987118057	a
M0021_2	B09	1987118057	1996055143	h
M0021_2	B09	1996055143	2006762727	a
M0021_2	B09	2006762727	2009843235	b
M0317_2	B09	1850153270	1855224005	a
M0317_2	B09	1855224005	1864156437	b
M0317_2	B09	1864156437	1869964173	a
M0317_2	B09	1869964173	1870088744	b
M0317_2	B09	1870088744	1872841871	a
M0317_2	B09	1872841871	1873119699	b
M0317_2	B09	1873119699	1996054348	a
M0317_2	B09	1996054348	2009843235	b
M0014_1	B10	2017566926	2019932578	a
M0014_1	B10	2019932578	2020128410	h
M0014_1	B10	2020128410	2020206052	a
M0014_1	B10	2020206052	2021165654	h
M0014_1	B10	2021165654	2022801821	a
M0014_1	B10	2022801821	2077152813	b
M0014_1	B10	2077152813	2077206708	a
M0014_1	B10	2077206708	2125217551	b
M0014_1	B10	2125217551	2125245828	h
M0014_1	B10	2125245828	2153874081	b
M0014_1	B10	2153874081	2155645304	a
M0014_1	B10	2155645304	2159977133	b
M0014_1	B10	2159977133	2161070694	a
M0014_1	B10	2161070694	2167877363	b
M0016_1	B10	2017566926	2021847006	a
M0016_1	B10	2021847006	2023472232	b
M0016_1	B10	2023472232	2023910568	a
M0016_1	B10	2023910568	2038401367	b
M0016_1	B10	2038401367	2038454919	h
M0016_1	B10	2038454919	2125217818	b
M0016_1	B10	2125217818	2125244239	h
M0016_1	B10	2125244239	2137314129	b
M0016_1	B10	2137314129	2137457455	h
M0016_1	B10	2137457455	2142198203	b
M0016_1	B10	2142198203	2149068336	a
M0016_1	B10	2149068336	2149145029	h
M0016_1	B10	2149145029	2152407831	a
M0016_1	B10	2152407831	2152486510	b
M0016_1	B10	2152486510	2154780112	a
M0016_1	B10	2154780112	2164763711	b
M0016_1	B10	2164763711	2167263582	a
M0016_1	B10	2167263582	2167877363	b
M0021_1	B10	2017566926	2019161468	b
M0021_1	B10	2019161468	2021985770	h
M0021_1	B10	2021985770	2022745461	b
M0021_1	B10	2022745461	2033933172	h
M0021_1	B10	2033933172	2033967442	b
M0021_1	B10	2033967442	2035417209	h
M0021_1	B10	2035417209	2037071266	b
M0021_1	B10	2037071266	2103160172	h
M0021_1	B10	2103160172	2104025259	a
M0021_1	B10	2104025259	2149707502	h
M0021_1	B10	2149707502	2152407831	a
M0021_1	B10	2152407831	2152486407	b
M0021_1	B10	2152486407	2157902909	a
M0021_1	B10	2157902909	2161199994	h
M0021_1	B10	2161199994	2163283291	b
M0021_1	B10	2163283291	2167154960	h
M0021_1	B10	2167154960	2167877363	a
M0317_1	B10	2017566926	2022039700	a
M0317_1	B10	2022039700	2034919054	b
M0317_1	B10	2034919054	2035421972	h
M0317_1	B10	2035421972	2157741791	b
M0317_1	B10	2157741791	2161314835	a
M0317_1	B10	2161314835	2167877363	b
M0014_2	B10	2017566926	2019934668	a
M0014_2	B10	2019934668	2021219807	h
M0014_2	B10	2021219807	2022801821	a
M0014_2	B10	2022801821	2153874081	b
M0014_2	B10	2153874081	2155645304	a
M0014_2	B10	2155645304	2159977133	b
M0014_2	B10	2159977133	2161070694	a
M0014_2	B10	2161070694	2167877363	b
M0016_2	B10	2017566926	2021847006	a
M0016_2	B10	2021847006	2023473365	b
M0016_2	B10	2023473365	2023910568	a
M0016_2	B10	2023910568	2125217551	b
M0016_2	B10	2125217551	2125244239	h
M0016_2	B10	2125244239	2142198203	b
M0016_2	B10	2142198203	2149060058	a
M0016_2	B10	2149060058	2149145029	h
M0016_2	B10	2149145029	2154780112	a
M0016_2	B10	2154780112	2164763711	b
M0016_2	B10	2164763711	2167263582	a
M0016_2	B10	2167263582	2167877363	b
M0021_2	B10	2017566926	2020133991	h
M0021_2	B10	2020133991	2021162199	a
M0021_2	B10	2021162199	2033933172	h
M0021_2	B10	2033933172	2033967442	b
M0021_2	B10	2033967442	2035417483	h
M0021_2	B10	2035417483	2037071061	b
M0021_2	B10	2037071061	2103160172	h
M0021_2	B10	2103160172	2104025061	a
M0021_2	B10	2104025061	2124753508	h
M0021_2	B10	2124753508	2125240256	a
M0021_2	B10	2125240256	2149805527	h
M0021_2	B10	2149805527	2157902909	a
M0021_2	B10	2157902909	2161199994	h
M0021_2	B10	2161199994	2163283291	b
M0021_2	B10	2163283291	2167154960	h
M0021_2	B10	2167154960	2167877363	a
M0317_2	B10	2017566926	2022039700	a
M0317_2	B10	2022039700	2157741791	b
M0317_2	B10	2157741791	2161314835	a
M0317_2	B10	2161314835	2167877363	b
